sample_id,group,filename,genome_build,data_type,assay,source_database,study
EE87811,Breast cancer,EE87811.hg38.frag.tsv.bgz,hg38,cfDNA fragment coordinates,WGS,FinaleDB,"Cristiano et al., 2019"
EE87812,Breast cancer,EE87812.hg38.frag.tsv.bgz,hg38,cfDNA fragment coordinates,WGS,FinaleDB,"Cristiano et al., 2019"
EE87813,Breast cancer,EE87813.hg38.frag.tsv.bgz,hg38,cfDNA fragment coordinates,WGS,FinaleDB,"Cristiano et al., 2019"
EE87814,Breast cancer,EE87814.hg38.frag.tsv.bgz,hg38,cfDNA fragment coordinates,WGS,FinaleDB,"Cristiano et al., 2019"
EE87815,Breast cancer,EE87815.hg38.frag.tsv.bgz,hg38,cfDNA fragment coordinates,WGS,FinaleDB,"Cristiano et al., 2019"
EE87816,Breast cancer,EE87816.hg38.frag.tsv.bgz,hg38,cfDNA fragment coordinates,WGS,FinaleDB,"Cristiano et al., 2019"
EE87820,Breast cancer,EE87820.hg38.frag.tsv.bgz,hg38,cfDNA fragment coordinates,WGS,FinaleDB,"Cristiano et al., 2019"
EE87822,Breast cancer,EE87822.hg38.frag.tsv.bgz,hg38,cfDNA fragment coordinates,WGS,FinaleDB,"Cristiano et al., 2019"
EE87823,Breast cancer,EE87823.hg38.frag.tsv.bgz,hg38,cfDNA fragment coordinates,WGS,FinaleDB,"Cristiano et al., 2019"
EE87824,Breast cancer,EE87824.hg38.frag.tsv.bgz,hg38,cfDNA fragment coordinates,WGS,FinaleDB,"Cristiano et al., 2019"
EE87825,Breast cancer,EE87825.hg38.frag.tsv.bgz,hg38,cfDNA fragment coordinates,WGS,FinaleDB,"Cristiano et al., 2019"
EE87826,Breast cancer,EE87826.hg38.frag.tsv.bgz,hg38,cfDNA fragment coordinates,WGS,FinaleDB,"Cristiano et al., 2019"
EE87827,Breast cancer,EE87827.hg38.frag.tsv.bgz,hg38,cfDNA fragment coordinates,WGS,FinaleDB,"Cristiano et al., 2019"
EE87828,Breast cancer,EE87828.hg38.frag.tsv.bgz,hg38,cfDNA fragment coordinates,WGS,FinaleDB,"Cristiano et al., 2019"
EE87829,Breast cancer,EE87829.hg38.frag.tsv.bgz,hg38,cfDNA fragment coordinates,WGS,FinaleDB,"Cristiano et al., 2019"
EE87830,Breast cancer,EE87830.hg38.frag.tsv.bgz,hg38,cfDNA fragment coordinates,WGS,FinaleDB,"Cristiano et al., 2019"
EE87831,Breast cancer,EE87831.hg38.frag.tsv.bgz,hg38,cfDNA fragment coordinates,WGS,FinaleDB,"Cristiano et al., 2019"
EE87832,Breast cancer,EE87832.hg38.frag.tsv.bgz,hg38,cfDNA fragment coordinates,WGS,FinaleDB,"Cristiano et al., 2019"
EE87833,Breast cancer,EE87833.hg38.frag.tsv.bgz,hg38,cfDNA fragment coordinates,WGS,FinaleDB,"Cristiano et al., 2019"
EE87834,Breast cancer,EE87834.hg38.frag.tsv.bgz,hg38,cfDNA fragment coordinates,WGS,FinaleDB,"Cristiano et al., 2019"
EE87835,Breast cancer,EE87835.hg38.frag.tsv.bgz,hg38,cfDNA fragment coordinates,WGS,FinaleDB,"Cristiano et al., 2019"
EE87836,Breast cancer,EE87836.hg38.frag.tsv.bgz,hg38,cfDNA fragment coordinates,WGS,FinaleDB,"Cristiano et al., 2019"
EE87837,Breast cancer,EE87837.hg38.frag.tsv.bgz,hg38,cfDNA fragment coordinates,WGS,FinaleDB,"Cristiano et al., 2019"
EE87838,Breast cancer,EE87838.hg38.frag.tsv.bgz,hg38,cfDNA fragment coordinates,WGS,FinaleDB,"Cristiano et al., 2019"
EE87839,Breast cancer,EE87839.hg38.frag.tsv.bgz,hg38,cfDNA fragment coordinates,WGS,FinaleDB,"Cristiano et al., 2019"
EE87840,Breast cancer,EE87840.hg38.frag.tsv.bgz,hg38,cfDNA fragment coordinates,WGS,FinaleDB,"Cristiano et al., 2019"
EE87841,Breast cancer,EE87841.hg38.frag.tsv.bgz,hg38,cfDNA fragment coordinates,WGS,FinaleDB,"Cristiano et al., 2019"
EE87842,Breast cancer,EE87842.hg38.frag.tsv.bgz,hg38,cfDNA fragment coordinates,WGS,FinaleDB,"Cristiano et al., 2019"
EE87843,Breast cancer,EE87843.hg38.frag.tsv.bgz,hg38,cfDNA fragment coordinates,WGS,FinaleDB,"Cristiano et al., 2019"
EE87844,Breast cancer,EE87844.hg38.frag.tsv.bgz,hg38,cfDNA fragment coordinates,WGS,FinaleDB,"Cristiano et al., 2019"
EE87845,Breast cancer,EE87845.hg38.frag.tsv.bgz,hg38,cfDNA fragment coordinates,WGS,FinaleDB,"Cristiano et al., 2019"
EE87846,Breast cancer,EE87846.hg38.frag.tsv.bgz,hg38,cfDNA fragment coordinates,WGS,FinaleDB,"Cristiano et al., 2019"
EE87847,Breast cancer,EE87847.hg38.frag.tsv.bgz,hg38,cfDNA fragment coordinates,WGS,FinaleDB,"Cristiano et al., 2019"
EE87848,Breast cancer,EE87848.hg38.frag.tsv.bgz,hg38,cfDNA fragment coordinates,WGS,FinaleDB,"Cristiano et al., 2019"
EE87849,Breast cancer,EE87849.hg38.frag.tsv.bgz,hg38,cfDNA fragment coordinates,WGS,FinaleDB,"Cristiano et al., 2019"
EE87850,Breast cancer,EE87850.hg38.frag.tsv.bgz,hg38,cfDNA fragment coordinates,WGS,FinaleDB,"Cristiano et al., 2019"
EE87851,Breast cancer,EE87851.hg38.frag.tsv.bgz,hg38,cfDNA fragment coordinates,WGS,FinaleDB,"Cristiano et al., 2019"
EE87852,Breast cancer,EE87852.hg38.frag.tsv.bgz,hg38,cfDNA fragment coordinates,WGS,FinaleDB,"Cristiano et al., 2019"
EE87853,Breast cancer,EE87853.hg38.frag.tsv.bgz,hg38,cfDNA fragment coordinates,WGS,FinaleDB,"Cristiano et al., 2019"
EE87854,Breast cancer,EE87854.hg38.frag.tsv.bgz,hg38,cfDNA fragment coordinates,WGS,FinaleDB,"Cristiano et al., 2019"
EE87855,Breast cancer,EE87855.hg38.frag.tsv.bgz,hg38,cfDNA fragment coordinates,WGS,FinaleDB,"Cristiano et al., 2019"
EE87856,Breast cancer,EE87856.hg38.frag.tsv.bgz,hg38,cfDNA fragment coordinates,WGS,FinaleDB,"Cristiano et al., 2019"
EE87857,Breast cancer,EE87857.hg38.frag.tsv.bgz,hg38,cfDNA fragment coordinates,WGS,FinaleDB,"Cristiano et al., 2019"
EE87858,Breast cancer,EE87858.hg38.frag.tsv.bgz,hg38,cfDNA fragment coordinates,WGS,FinaleDB,"Cristiano et al., 2019"
EE87859,Breast cancer,EE87859.hg38.frag.tsv.bgz,hg38,cfDNA fragment coordinates,WGS,FinaleDB,"Cristiano et al., 2019"
EE87860,Breast cancer,EE87860.hg38.frag.tsv.bgz,hg38,cfDNA fragment coordinates,WGS,FinaleDB,"Cristiano et al., 2019"
EE87920,Healthy,EE87920.hg38.frag.tsv.bgz,hg38,cfDNA fragment coordinates,WGS,FinaleDB,"Cristiano et al., 2019"
EE87921,Healthy,EE87921.hg38.frag.tsv.bgz,hg38,cfDNA fragment coordinates,WGS,FinaleDB,"Cristiano et al., 2019"
EE87922,Healthy,EE87922.hg38.frag.tsv.bgz,hg38,cfDNA fragment coordinates,WGS,FinaleDB,"Cristiano et al., 2019"
EE87923,Healthy,EE87923.hg38.frag.tsv.bgz,hg38,cfDNA fragment coordinates,WGS,FinaleDB,"Cristiano et al., 2019"
EE87924,Healthy,EE87924.hg38.frag.tsv.bgz,hg38,cfDNA fragment coordinates,WGS,FinaleDB,"Cristiano et al., 2019"
EE87925,Healthy,EE87925.hg38.frag.tsv.bgz,hg38,cfDNA fragment coordinates,WGS,FinaleDB,"Cristiano et al., 2019"
EE87933,Healthy,EE87933.hg38.frag.tsv.bgz,hg38,cfDNA fragment coordinates,WGS,FinaleDB,"Cristiano et al., 2019"
EE87934,Healthy,EE87934.hg38.frag.tsv.bgz,hg38,cfDNA fragment coordinates,WGS,FinaleDB,"Cristiano et al., 2019"
EE87935,Healthy,EE87935.hg38.frag.tsv.bgz,hg38,cfDNA fragment coordinates,WGS,FinaleDB,"Cristiano et al., 2019"
EE87936,Healthy,EE87936.hg38.frag.tsv.bgz,hg38,cfDNA fragment coordinates,WGS,FinaleDB,"Cristiano et al., 2019"
EE87937,Healthy,EE87937.hg38.frag.tsv.bgz,hg38,cfDNA fragment coordinates,WGS,FinaleDB,"Cristiano et al., 2019"
EE87938,Healthy,EE87938.hg38.frag.tsv.bgz,hg38,cfDNA fragment coordinates,WGS,FinaleDB,"Cristiano et al., 2019"
EE87939,Healthy,EE87939.hg38.frag.tsv.bgz,hg38,cfDNA fragment coordinates,WGS,FinaleDB,"Cristiano et al., 2019"
EE87941,Healthy,EE87941.hg38.frag.tsv.bgz,hg38,cfDNA fragment coordinates,WGS,FinaleDB,"Cristiano et al., 2019"
EE87942,Healthy,EE87942.hg38.frag.tsv.bgz,hg38,cfDNA fragment coordinates,WGS,FinaleDB,"Cristiano et al., 2019"
EE87943,Healthy,EE87943.hg38.frag.tsv.bgz,hg38,cfDNA fragment coordinates,WGS,FinaleDB,"Cristiano et al., 2019"
EE87944,Healthy,EE87944.hg38.frag.tsv.bgz,hg38,cfDNA fragment coordinates,WGS,FinaleDB,"Cristiano et al., 2019"
EE87945,Healthy,EE87945.hg38.frag.tsv.bgz,hg38,cfDNA fragment coordinates,WGS,FinaleDB,"Cristiano et al., 2019"
EE87946,Healthy,EE87946.hg38.frag.tsv.bgz,hg38,cfDNA fragment coordinates,WGS,FinaleDB,"Cristiano et al., 2019"
EE87947,Healthy,EE87947.hg38.frag.tsv.bgz,hg38,cfDNA fragment coordinates,WGS,FinaleDB,"Cristiano et al., 2019"
EE87948,Healthy,EE87948.hg38.frag.tsv.bgz,hg38,cfDNA fragment coordinates,WGS,FinaleDB,"Cristiano et al., 2019"
EE87949,Healthy,EE87949.hg38.frag.tsv.bgz,hg38,cfDNA fragment coordinates,WGS,FinaleDB,"Cristiano et al., 2019"
EE87950,Healthy,EE87950.hg38.frag.tsv.bgz,hg38,cfDNA fragment coordinates,WGS,FinaleDB,"Cristiano et al., 2019"
EE87951,Healthy,EE87951.hg38.frag.tsv.bgz,hg38,cfDNA fragment coordinates,WGS,FinaleDB,"Cristiano et al., 2019"
EE87952,Healthy,EE87952.hg38.frag.tsv.bgz,hg38,cfDNA fragment coordinates,WGS,FinaleDB,"Cristiano et al., 2019"
EE87953,Healthy,EE87953.hg38.frag.tsv.bgz,hg38,cfDNA fragment coordinates,WGS,FinaleDB,"Cristiano et al., 2019"
EE87954,Healthy,EE87954.hg38.frag.tsv.bgz,hg38,cfDNA fragment coordinates,WGS,FinaleDB,"Cristiano et al., 2019"
EE87955,Healthy,EE87955.hg38.frag.tsv.bgz,hg38,cfDNA fragment coordinates,WGS,FinaleDB,"Cristiano et al., 2019"
EE87956,Healthy,EE87956.hg38.frag.tsv.bgz,hg38,cfDNA fragment coordinates,WGS,FinaleDB,"Cristiano et al., 2019"
EE87957,Healthy,EE87957.hg38.frag.tsv.bgz,hg38,cfDNA fragment coordinates,WGS,FinaleDB,"Cristiano et al., 2019"
EE87958,Healthy,EE87958.hg38.frag.tsv.bgz,hg38,cfDNA fragment coordinates,WGS,FinaleDB,"Cristiano et al., 2019"
EE87959,Healthy,EE87959.hg38.frag.tsv.bgz,hg38,cfDNA fragment coordinates,WGS,FinaleDB,"Cristiano et al., 2019"
EE87960,Healthy,EE87960.hg38.frag.tsv.bgz,hg38,cfDNA fragment coordinates,WGS,FinaleDB,"Cristiano et al., 2019"
EE87961,Healthy,EE87961.hg38.frag.tsv.bgz,hg38,cfDNA fragment coordinates,WGS,FinaleDB,"Cristiano et al., 2019"
EE87962,Healthy,EE87962.hg38.frag.tsv.bgz,hg38,cfDNA fragment coordinates,WGS,FinaleDB,"Cristiano et al., 2019"
EE87963,Healthy,EE87963.hg38.frag.tsv.bgz,hg38,cfDNA fragment coordinates,WGS,FinaleDB,"Cristiano et al., 2019"
EE87964,Healthy,EE87964.hg38.frag.tsv.bgz,hg38,cfDNA fragment coordinates,WGS,FinaleDB,"Cristiano et al., 2019"
EE87965,Healthy,EE87965.hg38.frag.tsv.bgz,hg38,cfDNA fragment coordinates,WGS,FinaleDB,"Cristiano et al., 2019"
EE87966,Healthy,EE87966.hg38.frag.tsv.bgz,hg38,cfDNA fragment coordinates,WGS,FinaleDB,"Cristiano et al., 2019"
EE87967,Healthy,EE87967.hg38.frag.tsv.bgz,hg38,cfDNA fragment coordinates,WGS,FinaleDB,"Cristiano et al., 2019"
EE87968,Healthy,EE87968.hg38.frag.tsv.bgz,hg38,cfDNA fragment coordinates,WGS,FinaleDB,"Cristiano et al., 2019"
EE87969,Healthy,EE87969.hg38.frag.tsv.bgz,hg38,cfDNA fragment coordinates,WGS,FinaleDB,"Cristiano et al., 2019"
EE87970,Healthy,EE87970.hg38.frag.tsv.bgz,hg38,cfDNA fragment coordinates,WGS,FinaleDB,"Cristiano et al., 2019"
EE87988,Healthy,EE87988.hg38.frag.tsv.bgz,hg38,cfDNA fragment coordinates,WGS,FinaleDB,"Cristiano et al., 2019"
EE87989,Healthy,EE87989.hg38.frag.tsv.bgz,hg38,cfDNA fragment coordinates,WGS,FinaleDB,"Cristiano et al., 2019"
EE87990,Healthy,EE87990.hg38.frag.tsv.bgz,hg38,cfDNA fragment coordinates,WGS,FinaleDB,"Cristiano et al., 2019"
